{
    "appKeys": {
        "KEY_CONDITIONS": 1,
        "KEY_ID": 2,
        "KEY_NAME": 3,
        "KEY_SUNRISE": 4,
        "KEY_SUNSET": 5,
        "KEY_TEMPERATURE": 0
    },
    "capabilities": [
        "location",
        "configurable",
        "health"
    ],
    "companyName": "Mine",
    "enableMultiJS": false,
    "longName": "OldLady",
    "projectType": "native",
    "resources": {
        "media": [
            {
                "file": "images/bt_on.png",
                "name": "IMAGE_BT_ON",
                "targetPlatforms": null,
                "type": "bitmap"
            },
            {
                "file": "images/bt_off.png",
                "name": "IMAGE_BT_OFF",
                "targetPlatforms": null,
                "type": "bitmap"
            },
            {
                "characterRegex": "[0-9-]",
                "file": "fonts/ufonts.com_franklin-gothic-bold.ttf",
                "name": "FONT_FRNKLN_GOTHIC_BOLD_20",
                "targetPlatforms": null,
                "type": "font"
            },
            {
                "characterRegex": "[a-zA-Z]",
                "file": "fonts/ufonts.com_franklin-gothic-bold.ttf",
                "name": "FONT_FRNKLN_GOTHIC_BOLD_22",
                "targetPlatforms": null,
                "type": "font"
            },
            {
                "file": "fonts/meteocons.ttf",
                "name": "FONT_METEOCONS_24",
                "targetPlatforms": null,
                "type": "font"
            }
        ]
    },
    "sdkVersion": "3",
    "shortName": "OldLady",
    "targetPlatforms": [
        "aplite",
        "basalt",
        "chalk"
    ],
    "uuid": "6819c974-6948-4aa3-9a92-8d48706ad5e8",
    "versionLabel": "1.0",
    "watchapp": {
        "watchface": true
    }
}
